test,deadline,print,sent
14/01/2016,24/12/2015,04/01/2016,20/01/2016
28/01/2016,11/01/2016,18/01/2016,03/02/2016
11/02/2016,25/01/2016,01/02/2016,17/02/2016
25/02/2016,01/02/2016,15/02/2016,02/03/2016
10/03/2016,22/02/2016,29/02/2016,16/03/2016
24/03/2016,07/03/2016,14/03/2016,30/03/2016
07/04/2016,21/03/2016,28/03/2016,13/04/2016
21/04/2016,04/04/2016,11/04/2016,27/04/2016
05/05/2016,18/04/2016,25/04/2016,11/05/2016
19/05/2016,28/04/2016,09/05/2016,25/05/2016
02/06/2016,16/05/2016,23/05/2016,08/06/2016
16/06/2016,30/05/2016,06/06/2016,22/06/2016
30/06/2016,13/06/2016,20/06/2016,06/07/2016
14/07/2016,27/06/2016,04/07/2016,20/07/2016
28/07/2016,11/07/2016,18/07/2016,03/08/2016
11/08/2016,25/07/2016,01/08/2016,17/08/2016
25/08/2016,08/08/2016,15/08/2016,31/08/2016
08/09/2016,22/08/2016,29/08/2016,14/09/2016
22/09/2016,05/09/2016,12/09/2016,28/09/2016
06/10/2016,19/09/2016,26/09/2016,12/10/2016
20/10/2016,28/09/2016,10/10/2016,26/10/2016
03/11/2016,17/10/2016,24/10/2016,09/11/2016
17/11/2016,31/10/2016,07/11/2016,23/11/2016
01/12/2016,14/11/2016,21/11/2016,07/12/2016
15/12/2016,28/11/2016,05/12/2016,21/12/2016
29/12/2016,12/12/2016,19/12/2016,04/01/2017
